
SET SQL_MODE="NO_AUTO_VALUE_ON_ZERO";

--
-- Base de données: `pokemon`
--

-- --------------------------------------------------------

--
-- A FAIRE AVANT : création de la base pokemon !!!!!!!!!
--

--
-- Structure de la table `type`
--

CREATE TABLE IF NOT EXISTS `type` (
  `id` int(11) NOT NULL AUTO_INCREMENT,
  `nom` varchar(20) NOT NULL,
  PRIMARY KEY (`id`)
) ENGINE=InnoDB  DEFAULT CHARSET=utf8;

--
-- Contenu de la table `type`
--

INSERT INTO `type` (`id`, `nom`) VALUES
(1, 'Sol'),
(2, 'Normal'),
(3, 'Poison'),
(4, 'Vol'),
(5, 'Acier'),
(6, 'Psy'),
(7, 'Eau'),
(8, 'Insecte'),
(9, 'Plante'),
(10, 'Tenebre'),
(11, 'Combat'),
(12, 'Glace'),
(13, 'Spectre'),
(14, 'Roche'),
(15, 'Feu'),
(16, 'Electrique'),
(17, 'Dragon');

--
-- Structure de la table `attaque`
--

CREATE TABLE IF NOT EXISTS `attaque` (
  `id` int(11) NOT NULL AUTO_INCREMENT,
  `nom` varchar(20) CHARACTER SET utf8 NOT NULL,
  `description` text CHARACTER SET utf8 NOT NULL,
  `typeId` int(11) NOT NULL,
  PRIMARY KEY (`id`),
  KEY `Attaque_type` (`typeId`)
) ENGINE=InnoDB  DEFAULT CHARSET=utf8;

--
-- Contenu de la table `attaque`
--

INSERT INTO `attaque` (`id`, `nom`, `description`, `typeId`) VALUES
(1, 'Abime ', 'Fait tomber l''ennemi dans une crevasse et le met K.O. ', 1),
(2, 'Abri ', 'Esquive l''attaque, mais peut échouer si réutilisé. ', 2),
(3, 'Acidarmure ', 'Liquéfie le corps du lanceur et booste sa DEFENSE. ', 3),
(4, 'Acide ', 'Pulvérise un acide. Peut baisser la DEFENSE ennemie. ', 3),
(5, 'Acupression ', 'Augmente de 2 niv7x une statistique du lanceur au hasard. ', 2),
(6, 'Adaptation ', 'Change le type du lanceur en celui d''une capacité. ', 2),
(7, 'Aeroblast ', 'Implosion à taux de coups critiques élevé. ', 4),
(8, 'Aeropique ', 'Attaque extrêmement rapide et inévitable. ', 4),
(9, 'Affutage ', 'Réduit les polygones et augmente l''ATTAQUE. ', 2),
(10, 'Aile D''5 ', 'Frappe l''ennemi en déployant ses ailes d''5. ', 5),
(11, 'Air Veinard ', 'L''adversaire ne peut pas faire de coup critique pendant 5 tours ', 2),
(12, 'Amnesie ', 'Augmente la défense spéciale de 2 niv7x. ', 6),
(13, 'Ampleur ', 'Un tremblement de terre d''intensité variable. ', 1),
(14, 'Ann7 Hydro ', 'Restaure 1/16ème des PV max à la fin de chaque tour. ', 7),
(15, 'Anti-Brume ', 'Diminue l''esquive de l''adversaire ', 4),
(16, 'Anti-Soin ', 'L''adversaire ne peut pas restaurer ses PV pendant 5 tours ', 6),
(17, 'Appel Attak ', 'Haut taux de coups critiques (+2) ', 8),
(18, 'Appel Defens ', 'Augmente la défense et la défense spéciale du lanceur. ', 8),
(19, 'Appel Soins ', 'Restaure la moitié des PV ', 8),
(20, 'Aqua-Jet ', 'Attaque toujours en premier (prioritré +1) ', 7),
(21, 'Armure ', 'Contracte les muscles pour augmenter la DEFENSE. ', 2),
(22, 'Aromatherapi ', 'Parfum apaisant soignant les changements de statut. ', 9),
(23, 'Assistance ', 'Attaque au hasard avec un coup d''un des partenaires. ', 2),
(24, 'Assurance ', 'La puissance double si l''adversaire a déjà reçu des dégâts pendant le tour ', 10),
(25, 'Astuce Force ', 'Echange l''attaque et la défense du lanceur ', 6),
(26, 'Atout ', 'La puissance augmente lorsque les PP diminuent ', 2),
(27, 'Atterrissage ', 'Restaure la moitié des PV ', 4),
(28, 'Attraction ', 'Le genre opposé a moins de chances d''attaquer. ', 2),
(29, 'Aurasphere ', 'Ne peut pas échouer ', 11),
(30, 'Aurore ', 'Restaure les PV. Varie suivant le temps. ', 2),
(31, 'Avalanche ', 'La puissance double si le lanceur reçoit des dégâts le premier ', 12),
(32, 'Avale ', 'Absorbe la puissance accumulée et restaure les PV. ', 2),
(33, 'Babil ', 'Rend confus l''adversaire ', 4),
(34, 'Baillement ', 'Fait bâiller l''ennemi, qui s''endort au tour suivant. ', 2),
(35, 'Balance ', 'Ajoute les PV des deux 11tants et les partage. ', 2),
(36, 'Balayage ', 'Un coup de pied faisant plus mal aux ennemis lourds. ', 11),
(37, 'Ball''Brume ', 'Envoie une rafale de duvet. Peut baisser ATQ. SPE. ', 6),
(38, 'Ball''12 ', 'Une attaque en 5 tours de plus en plus puissante. ', 12),
(39, 'Ball''Meteo ', 'Type et puissance de l''attaque selon le climat. ', 2),
(40, 'Ball''Ombre ', 'Projette une grand tache qui peut baisser la DEF. SP. ', 13),
(41, 'Balle Graine ', 'Mitraille l''ennemi avec 2 à 5 rafales à la suite. ', 9),
(42, 'Barrage ', 'Bloque la route de l''ennemi pour empêcher sa fuite. ', 2),
(43, 'Baston ', 'Appelle un POKéMON qui se joint à l''attaque. ', 10),
(44, 'Bec Vrille ', 'Une attaque utilisant le bec comme une perceuse. ', 4),
(45, 'Belier ', 'Une charge violente qui blesse aussi le lanceur. ', 2),
(46, 'Berceuse ', 'Berceuse plongeant l''ennemi dans un profond sommeil. ', 2),
(47, 'Blabla Dodo ', 'Utilise un coup au hasard en dormant. ', 2),
(48, 'Blizzard ', 'Déclenche une tempête pouvant geler l''ennemi. ', 12),
(49, 'Bluff ', 'Une attaque en début de bataille pour apeurer. ', 2),
(50, 'Bomb''Oeuf ', 'Envoie violemment un oeuf en direction de l''ennemi. ', 2),
(51, 'Bomb-Beurk ', 'Envoie des détritus pour blesser. Peut em3ner. ', 3),
(52, 'Bombaimant ', 'Ne peut pas échouer ', 5),
(53, 'Boost ', 'Copie les effets de l''ennemi et les passe au lanceur. ', 2),
(54, 'Bouclier ', 'Crée une barrière pour augmenter la DEFENSE de deux niv7x. ', 6),
(55, 'Boue-Bombe ', 'Peut diminuer la précision de l''adversaire ', 1),
(56, 'Boul''Armure ', 'S''enroule, cache ses points faibles. Monte la DEFENSE et double (une seule fois !) la puissance de l''attaque Roulade si le lanceur bénéficie encore de la Boul''Armure. ', 2),
(57, 'Boule Roc ', 'Projette des 14rs sur l''ennemi 2 à 5 fois de suite. ', 14),
(58, 'Bourdon ', 'Peut diminuer la défense spéciale du Pokémon defenseur. ', 8),
(59, 'Boute15 ', 'Le lanceur subit des dégâts ', 15),
(60, 'Brouhaha ', 'Brouhaha de 2 à 5 tours. Empêche de dormir. ', 2),
(61, 'Brouillard ', 'Baisse la précision ennemie utilisant fumée, encre, etc. ', 2),
(62, 'Brume ', 'Crée une brume stoppant la réduction des capacités. ', 12),
(63, 'Buee Noire ', 'Crée un nuage noir annulant tout changement d''état. ', 12),
(64, 'Bulles D''O ', 'Envoie des bulles pouvant baisser la VITESSE. ', 7),
(65, 'Cad7 ', 'Cad7 en forme de bombe. Peut restaurer des PV. ', 2),
(66, 'Cage-Eclair ', 'Un faible choc électrique qui paralyse l''ennemi. ', 16),
(67, 'Camouflage ', 'Change le type du POKéMON selon le lieu. ', 2),
(68, 'Canicule ', 'Un souffle ardent pouvant brûler l''ennemi. ', 15),
(69, 'Canon Graine ', 'Attaque 2e ', 9),
(70, 'Carnareket ', 'Récupère la lumière pour frapper 2 tours plus tard. ', 5),
(71, 'Cascade ', 'Charge rapide permettant de franchir des cascades. ', 7),
(72, 'Casse-Brique ', 'Détruit les barrières comme PROTECTION et blesse. ', 11),
(73, 'Cauchemar ', 'Inflige 1/4 de dégâts à un ennemi endormi chaque tour. ', 13),
(74, 'Charge ', 'Charge l''ennemi avec un violent plaquage. ', 2),
(75, 'Charge-Os ', 'Frappe l''ennemi 2 à 5 fois avec un os. ', 1),
(76, 'Chargeur ', 'Double la puissance de la prochaine attaque électrique utilisée. ', 16),
(77, 'Charme ', 'Charme l''ennemi et baisse brusquement son ATTAQUE. ', 2),
(78, 'Chatouille ', 'Fait rire l''ennemi et baisse son ATTAQUE et sa DEFENSE. ', 2),
(79, 'Choc Mental ', 'Une attaque 6 pouvant rendre l''ennemi confus. ', 6),
(80, 'Clairvoyance ', 'Empêche l''ennemi d''améliorer son esquive. ', 2),
(81, 'Claquoir ', 'Piège l''ennemi et l''écrase pendant 2 à 5 tours. ', 7),
(82, 'Clonage ', 'Crée un leurre avec 1/4 des PV max du lanceur. ', 2),
(83, 'Close 11 ', 'Diminue la défense et la défense spéciale du lanceur ', 11),
(84, 'Cogne ', 'Coups de poing qui frappent 2 à 5 fois dans le tour. ', 11),
(85, 'Cognobidon ', 'Sacrifie la moitié de ses PV pour maximiser l''ATTAQUE. ', 2),
(86, 'Colere ', 'Une attaque furieuse sur 2 à 3 tours. Lanceur confus à la fin de l''attaque. ', 17),
(87, 'Combo-Griffe ', 'Ecorche l''ennemi avec des griffes de 2 à 5 fois. ', 2),
(88, 'Constriction ', 'Ligote l''ennemi et l''écrase pendant 2 à 5 tours. ', 2),
(89, 'Contre ', 'Inflige plus de dégâts quand les PV sont faibles. ', 11),
(90, 'Conversion 2 ', 'Permet de résister au type de la dernière attaque. ', 2),
(91, 'Copie ', 'Imite une des attaques utilisées par l''ennemi. ', 2),
(92, 'Corps Perdu ', 'L''attaque dure longtemps, mais n''échoue jamais. ', 11),
(93, 'Coud''Boue ', 'Envoie de la boue au visage pour baisser la précision. ', 1),
(94, 'Coud''Krane ', 'Rentre la tête et attaque au tour suivant. ', 2),
(95, 'Coup Bas ', 'Attaque toujours en premier mais échoue si la cible n''utilise pas d''attaque offensive ', 10),
(96, 'Coup D''Boule ', 'Une charge qui peut apeurer l''ennemi. ', 2),
(97, 'Coup d''jus ', 'Peut paralyser l''adversaire ', 16),
(98, 'Coup D''Main ', 'Améliore la puissance d''attaque du receveur. ', 2),
(99, 'Coup Double ', 'Attaque deux fois ', 2),
(100, 'Coup-Croix ', '2 attaques tranchantes. Taux de critiques élevé. ', 11),
(101, 'Coupe ', 'Coupe l''ennemi avec des lames, des griffes, etc. ', 2),
(102, 'Coupe 6cho ', 'Haut taux de coups critiques ', 6),
(103, 'Coupe-Vent ', 'Une attaque en 2 tours qui frappe au 2e tour. ', 2),
(104, 'Croc De Mort ', 'Blesse d''un coup de croc. Peut apeurer l''ennemi. ', 2),
(105, 'Croc Fatal ', 'Coup de croc qui fait baisser les PV de moitié. ', 2),
(106, 'C14tvenin ', 'Morsure pouvant sérieusement em3ner l''ennemi. ', 3),
(107, 'Croco Larme ', 'Fait semblant de pleurer pour baisser la DEF. SPE. ', 10),
(108, 'Crocs Eclair ', 'Peut paralyser et apeurer l''adversaire ', 16),
(109, 'Crocs 15 ', 'Peut brûler et apeurer l''adversaire ', 15),
(110, 'Crocs Givre ', 'Peut geler et apeurer l''adversaire ', 12),
(111, 'Croissance ', 'Développe le corps et augmente l''ATQ. SPE. ', 2),
(112, 'Cru-Aile ', 'Frappe l''ennemi en déployant les ailes. ', 4),
(113, 'Cyclone ', 'Envoie une rafale de vent et met fin au 11. ', 2),
(114, 'Damocles ', 'Une dangereuse charge qui blesse aussi le lanceur. ', 2),
(115, 'Danse Draco ', 'Danse mystique augmentant l''ATTAQUE et la VITESSE. ', 17),
(116, 'Danse Pluie ', 'Améliore les attaques 7 pendant 5 tours. Pendant que Danse Pluie agit, la précision de Fatal-Foudre monte à 100%. ', 7),
(117, 'Danse-Fleur ', 'Une attaque furieuse de 2 à 3 tours. Lanceur confus. ', 9),
(118, 'Danse-Folle ', 'Rend tous les POKéMON engagés confus. ', 2),
(119, 'Danse-Lames ', 'Une danse de 11 pour booster l''ATTAQUE. ', 2),
(120, 'Danse-Lune ', 'Le lanceur tombe KO et le pokémon qui le remplace est totalement soigné (statut et PV) ', 6),
(121, 'Danse-Plume ', 'Enveloppe l''ennemi de duvet et baisse l''attaque ennemie de deux niv7x. ', 4),
(122, 'Danseflamme ', 'Encercle l''ennemi de flammes pendant 2 à 5 tours. ', 15),
(123, 'Dard-Nuee ', 'Envoie des dards qui frappent 2 à 5 fois. ', 8),
(124, 'Dard-Venin ', 'Une attaque de dards, etc., pouvant em3ner. ', 3),
(125, 'Deflagration ', 'Une explosion qui carbonise tout. Peut brûler l''ennemi. ', 15),
(126, 'Degommage ', 'La puissance dépend de l''objet tenu ', 10),
(127, 'Demi-Tour ', 'Le lanceur change de pokémon automatiquement après l''attaque ', 8),
(128, 'Depit ', 'Réduit méchamment les PP de la dernière att. ennemie. ', 13),
(129, 'Dernierecour ', 'Ne peut être utilisée que si toutes les autres attaques ont été utilisées ', 2),
(130, 'Destruction ', 'Inflige de sérieux dégâts, mais met le lanceur K.O. La défense du Pokémon défenseur n''est prise en compte qu''à moitié. ', 2),
(131, 'Detection ', 'Esquive l''attaque, mais peut échouer si réutilisé. ', 11),
(132, 'Detricanon ', 'Peut em3ner l''adversaire ', 3),
(133, 'Detritus ', 'Blesse en envoyant des détritus. Peut em3ner. ', 3),
(134, 'Devoreve ', 'Aspire la moitié des dégâts infligés à l''ennemi endormi. ', 6),
(135, 'Direct Toxik ', 'Peut em3ner l''adversaire ', 3),
(136, 'Distorsion ', 'Le pokémon le plus lent attaque en premier pendant 5 tours ', 6),
(137, 'Don naturel ', 'La puissance et le type dépend de la baie tenue ', 2),
(138, 'Double Pied ', 'Un double coup de pied qui frappe l''ennemi deux fois. ', 11),
(139, 'Double-Dard ', 'Les dards des pattes avant frappent deux fois. ', 8),
(140, 'Doux Baiser ', 'Demande un bisou grimaçant. Peut rendre confus. ', 2),
(141, 'Doux Parfum ', 'Séduit l''ennemi pour baisser son esquive. ', 2),
(142, 'Draco Meteor ', 'Diminue b7coup l''attaque spéciale du lanceur ', 17),
(143, 'Draco-Rage ', 'Envoie des ondes de choc infligeant 40 PV de dégâts. ', 17),
(144, 'Dracocharge ', 'Peut apeurer l''adversaire ', 17),
(145, 'Dracochoc ', 'Attaque 2e ', 17),
(146, 'Dracogriffe ', 'Tranche l''ennemi avec des griffes acérées. ', 17),
(147, 'Dracosouffle ', 'Frappe l''ennemi grâce à un souffle super puissant. ', 17),
(148, 'Dynamopoing ', 'Puissant et rend confus, mais pas très précis. ', 11),
(149, 'E-Coque ', 'Regagne jusqu''à la moitié des PV max du lanceur. ', 2),
(150, 'Eboulement ', 'Envoie de gros 14rs. Peut apeurer l''ennemi. ', 14),
(151, 'Ebullilave ', '30 % de chance de brûler le Pokémon défenseur. ', 15),
(152, 'Echange ', 'Le lanceur et la cible échangent leurs cap. spéc. ', 6),
(153, 'Echange 6 ', 'Donne le statut du lanceur à l''adversaire ', 6),
(154, 'Eclair ', 'Une attaque électrique pouvant paralyser l''ennemi. ', 16),
(155, 'Eclate-Roc ', 'Une attaque puissante qui peut baisser la DEFENSE. ', 11),
(156, 'Eclategriffe ', 'Lacère avec des griffes. Peut baisser la DEFENSE. ', 2),
(157, 'Eclats 12 ', 'Attaque en premier dans le tour (priorité +1). ', 12),
(158, 'Eco-Sphere ', 'Peut diminuer la défense spéciale de l''adversaire ', 9),
(159, 'Ecras''Face ', 'Ecrase l''ennemi avec les pattes avant ou la queue. ', 2),
(160, 'Ecrasement ', 'Ecrase avec un énorme pied. Peut apeurer l''ennemi. ', 2),
(161, 'Ecume ', 'Une attaque de bulles pouvant baisser la VITESSE. ', 7),
(162, 'Effort ', 'Gagne en puissance si PV inférieurs aux PV ennemis. ', 2),
(163, 'Elecanon ', 'Puissant et paralysant, mais pas très précis. ', 16),
(164, 'Electacle ', 'Une dangereuse charge qui blesse aussi le lanceur. ', 16),
(165, 'Embargo ', 'L''adversaire ne peut plus utiliser l''objet porté ', 10),
(166, 'Empal''Korne ', 'Empale l''ennemi d''un coup de corne. Met K.O. en un coup. ', 2),
(167, 'Encore ', 'Oblige l''ennemi à répéter sa dernière action 2 à 6 tours. ', 2),
(168, 'Entrave ', 'Empêche l''utilisation d''une des attaques de l''ennemi. ', 2),
(169, 'Eruption ', 'Inflige plus de dégâts si PV du lanceur sont élevés. ', 15),
(170, 'Escalade ', 'Peut rendre confus ', 2),
(171, 'Essorage ', 'La puissance dépend des PV restants de l''adversaire ', 2),
(172, 'Etincelle ', 'Une charge électrique qui peut paralyser l''ennemi. ', 16),
(173, 'Etonnement ', 'Une attaque qui peut choquer et apeurer l''ennemi. ', 13),
(174, 'Etreinte ', 'Etrangle pour blesser. Peut baisser la VITESSE. ', 2),
(175, 'Exploforce ', 'Peut diminuer la défense spéciale de l''adversaire ', 11),
(176, 'Explosion ', 'Inflige de sérieux dégâts, mais met le lanceur K.O. La défense du Pokémon défenseur n''est prise en compte qu''à moitié. ', 2),
(177, 'Extrasenseur ', 'Pouvoir singulier qui peut apeurer l''ennemi. ', 6),
(178, 'Facade ', 'Améliore l''ATTAQUE si brûlé, paralysé ou em3né. ', 2),
(179, 'Fatal-Foudre ', 'Une attaque foudroyante pouvant paralyser l''ennemi. ', 16),
(180, 'Faux-Chage ', 'Une attaque qui laisse au moins 1 PV à l''ennemi. ', 2),
(181, 'Feinte ', 'Attire l''ennemi et frappe sans jamais échouer. ', 10),
(182, '15 Follet ', 'Inflige une douloureuse brûlure à l''ennemi. ', 15),
(183, '15 Sacre ', 'Une attaque de 15 mystique avec 50% de chance de brûler. ', 15),
(184, '15illemagik ', 'Envoie des 15illes ne pouvant être esquivées. ', 9),
(185, 'Flair ', 'Empêche l''ennemi d''augmenter son esquive. ', 2),
(186, 'Flammeche ', 'Une faible attaque de 15 pouvant brûler l''ennemi. ', 15),
(187, 'Flash ', 'Explosion lumineuse qui fait baisser la précision. ', 2),
(188, 'Flatterie ', 'Rend l''ennemi confus, mais augmente son ATQ. SPE. ', 10),
(189, 'Fl7 ', 'Inflige plus de dégâts quand les PV sont faibles. ', 2),
(190, 'Force ', 'Accumule de la puissance puis frappe l''ennemi. ', 2),
(191, 'Force Cachee ', 'Les effets de l''attaque dépendent du lieu. ', 2),
(192, 'Force Cosmik ', 'Pouvoir mystique qui monte la DEFENSE et la DEF. SPE. ', 6),
(193, 'Force Poigne ', 'Empoigne l''ennemi avec de puissantes pinces. ', 2),
(194, 'Force-Nature ', 'Le type de l''attaque change selon le lieu du 11. ', 2),
(195, 'Forte-Paume ', 'Peut paralyser ', 11),
(196, 'Fouet Lianes ', 'Fouette l''ennemi avec de fines lianes. ', 9),
(197, 'Fracass''Tete ', 'Le lanceur subit des dégâts ', 14),
(198, 'Frappe Atlas ', 'Inflige des dégâts selon le niv7 du lanceur. ', 11),
(199, 'Frenesie ', 'Augmente l''ATTAQUE du lanceur à chaque coup reçu. ', 2),
(200, 'Frustration ', 'Attaque plus puissante si le DRESSEUR est mal aimé. ', 2),
(201, 'Fulmifer ', 'Inflige le double des dégâts causés par l''adversaire ', 5),
(202, 'Fulmigraine ', 'Diminue la défense spéciale de l''adversaire ', 9),
(203, 'Furie ', 'Frappe l''ennemi 2 à 5 fois avec des cornes, etc. ', 2),
(204, 'Gaz Toxik ', 'Enveloppe l''ennemi d''un gaz toxique. Peut em3ner. ', 3),
(205, 'Gicledo ', 'Inflige plus de dégâts si le lanceur a b7coup de PV. ', 7),
(206, 'Giga Impact ', 'Le lanceur ne peut pas attaquer au tour suivant ', 2),
(207, 'Giga-Sangsue ', 'Une attaque qui absorbe la moitié des dégâts infligés. ', 9),
(208, 'Glaciation ', 'Attaque glacée qui met K.O. quand elle est réussie. ', 12),
(209, 'Glas De Soin ', 'Carillon apaisant qui soigne tout changement de statut de l''équipe. ', 2),
(210, 'Gonflette ', 'Se gonfle pour booster l''ATTAQUE et la DEFENSE. ', 11),
(211, 'Gravite ', 'Empêche les attaques en 4 ou lévitation pendant 5 tours ', 6),
(212, 'Grele ', 'Tempête de grêle qui frappe à chaque tour. ', 12),
(213, 'Gribouille ', 'Copie en permanence la dernière attaque ennemie. ', 2),
(214, 'Griffe ', 'Lacère l''ennemi avec des griffes acérées. ', 2),
(215, 'Griffe 5 ', 'Attaque avec des griffes. Peut augmenter l''ATTAQUE. ', 5),
(216, 'Griffe Ombre ', 'Haut taux de coups critiques ', 13),
(217, 'Grimace ', 'Effraye avec une grimace pour baisser la VITESSE. ', 2),
(218, 'Grincement ', 'Cri strident qui baisse la DEFENSE ennemie. ', 2),
(219, 'Grobisou ', 'Demande un bisou tout mignon. Endort. ', 2),
(220, 'Grondement ', 'Grogne pour se rassurer et booster l''ATTAQUE. ', 2),
(221, 'Groz''Yeux ', 'Lance un regard noir et baisse la DEFENSE. ', 2),
(222, 'Guillotine ', 'Un puissant coup de pince qui peut mettre K.O. ', 2),
(223, 'Gyroballe ', 'La puissance dépend de la vitesse de l''adversaire et du lanceur. ', 5),
(224, 'Hâte ', 'Relaxation du corps pour booster la VITESSE de 2 niv7x. ', 6),
(225, 'Hurle-Temps ', 'Le lanceur ne peut pas attaquer au tour suivant ', 17),
(226, 'Hurlement ', 'Fait fuir l''ennemi pour mettre fin au 11. ', 2),
(227, 'Hydroblast ', 'Puissant, mais immobilise le lanceur le tour suivant. ', 7),
(228, 'Hydrocanon ', 'Envoie un puissant jet d''7 pour frapper l''ennemi. ', 7),
(229, 'Hydroqueue ', 'Attaque 2e ', 7),
(230, 'Hypnose ', 'Une attaque hypnotique pouvant endormir l''ennemi. ', 6),
(231, 'Imitation ', 'Imite la cible et copie sa capacité spéciale. ', 6),
(232, 'Implore ', 'Demande gentiment un objet détenu par l''ennemi. ', 2),
(233, 'Intimidation ', 'Intimide l''ennemi et le paralyse de terreur. ', 2),
(234, 'Jackpot ', 'Lance des pièces. L''argent est récupéré plus tard. ', 2),
(235, 'Jet De Sable ', 'Lance du sable et baisse la précision de l''ennemi. ', 1),
(236, 'Jet-Pierres ', 'Envoie des cailloux pour frapper l''ennemi. ', 14),
(237, 'Jugement ', 'Le type dépend de la plaque tenue ', 2),
(238, 'Koud''Korne ', 'Frappe l''ennemi d''un coup de corne pointue. ', 2),
(239, 'Lait A Boire ', 'Regagne jusqu''à la moitié des PV max du lanceur. ', 2),
(240, 'Lame d''Air ', '30% de chance d''apeurer l''ennemi. ', 4),
(241, 'Lame de Roc ', 'Haut taux de coups critiques ', 14),
(242, 'Lame-15ille ', 'Tranche avec une 15ille. Taux de critiques élevé. ', 9),
(243, 'Lance-Boue ', 'Couvre le lanceur de boue. Augmente résist. électr. ', 1),
(244, 'Lance-Flamme ', '10 % de chance de brûler le Pokémon défenseur. ', 15),
(245, 'Lance-1eil ', 'Absorbe la lumière et attaque le tour suivant. ', 9),
(246, 'Larcin ', 'Peut 4er l''objet tenu par l''ennemi pendant l''attaque. ', 10),
(247, 'Laser 12 ', 'Envoie un rayon de 12 pouvant geler l''ennemi. ', 12),
(248, 'Lechouille ', 'Blesse avec un long coup de langue. Peut paralyser. ', 13),
(249, 'Ligotage ', 'Ligote l''ennemi et l''étouffe 2 à 5 fois avec des lianes. ', 2),
(250, 'Lilliput ', 'Rapetisse le lanceur pour augmenter l''esquive. ', 2),
(251, 'Lire-Esprit ', 'Pressent l''action pour réussir l''attaque suivante. ', 2),
(252, 'Lumi-Eclat ', 'Envoie une lueur intense. Peut baisser DEF. SPE. ', 6),
(253, 'Luminocanon ', 'Peut diminuer la défense spéciale de l''adversaire ', 5),
(254, 'Lumiqueue ', 'Flash lumineux qui booste l''ATQ. SPE. ', 8),
(255, 'Lutte ', 'Fonctionne s''il ne reste plus de PP. Blesse un peu. ', 2),
(256, 'Mach Punch ', 'Coup de poing fulgurant. Permet de frapper le 1er. ', 11),
(257, 'Machination ', 'Augmente b7coup l''attaque spéciale ', 10),
(258, 'Machouille ', '20 % de chance de baisser la DEFENSE. ', 10),
(259, 'Malediction ', 'Augmente l''ATTAQUE et la DEFENSE, mais diminue la VITESSE. Coup qui fonctionne autrement pour les 13S. ', 0),
(260, 'Mania ', 'Une attaque furieuse de 2 à 3 tours. Lanceur confus. ', 2),
(261, 'Marto-Poing ', 'Diminue la vitesse du lanceur ', 11),
(262, 'Martobois ', 'Le lanceur subit des dégâts ', 9),
(263, 'Massd''Os ', 'Cogne l''ennemi avec un os. Peut apeurer l''ennemi. ', 1),
(264, 'Mawashi Geri ', 'Un coup de pied tournoyant et extrêmement rapide. ', 11),
(265, 'Mega-Sangsue ', 'Une attaque absorbant la moitié des dégâts infligés. ', 9),
(266, 'Megacorne ', 'Une charge violente, toutes cornes en avant. ', 8),
(267, 'Megafouet ', 'Attaque 2e ', 9),
(268, 'Megaphone ', 'Attaque bruyante blessant avec des ondes sonores. ', 2),
(269, 'Meteores ', 'Envoie des rayons en forme d''étoile. Touche toujours. ', 2),
(270, 'Metronome ', 'Remue un doigt et lance une attaque POKéMON au hasard. ', 2),
(271, 'Mimi-Queue ', 'Remue la queue pour baisser la DEFENSE de l''ennemi. ', 2),
(272, 'Mimique ', 'Contre l''attaque de l''ennemi avec la même attaque. ', 4),
(273, 'Miroi-Tir ', 'Peut diminuer la précision de l''adversaire ', 5),
(274, 'Mitra-Poing ', 'Lanceur apeuré si touché. Attaque puissante. ', 11),
(275, 'Moi d''abord ', 'Si l''adversaire utilise une attaque offensive et que le lanceur de Moi d''Abord est plus rapide, alors il lancera l''attaque ennemie avec une puissance boostée de 50 %. Le STAB est appliqué si le lanceur est du même type que l''attaque adverse. ', 2),
(276, 'Morphing ', 'Modifie ses cellules pour copier l''ennemi. ', 2),
(277, 'Morsure ', 'Mord méchamment l''ennemi et peut l''apeurer. ', 10),
(278, 'Mur De Fer ', 'Endurcit le corps pour booster la DEFENSE. ', 5),
(279, 'Mur Lumiere ', 'Crée un mur lumineux et réduit les dégâts d''ATQ. SP. ', 6),
(280, 'Noeud Herbe ', 'La puissance augmente si l''adversaire est lourd ', 9),
(281, 'Ocroupi ', 'Attaque d''7 croupie. Peut baisser la précision. ', 7),
(282, 'Octazooka ', 'Jet d''encre qui blesse et baisse la précision. ', 7),
(283, 'Oeil Miracle ', 'Supprime l''insensibilité des pokémon ténèbres aux attaques 6 et remet l''esquive à zéro ', 6),
(284, 'Ombre Portee ', 'Attaque de priorité +1. Attaque toujours en premier si l''adversaire ne lance pas une attaque de priorité supérieure ou égale. ', 13),
(285, 'Onde Boreale ', 'Envoie un rayon arc-en-ciel pouvant baisser l''ATTAQUE. ', 12),
(286, 'Onde De Choc ', 'Attaque électrique rapide et impossible à esquiver. ', 16),
(287, 'Onde Folie ', 'Un horrible rayon qui rend l''ennemi confus. ', 13),
(288, 'Onde Vide ', 'Attaque toujours en premier. ', 11),
(289, 'Osmerang ', 'Lance un boomerang en os qui frappe deux fois. ', 1),
(290, 'Ouragan ', 'Déclenche un terrible ouragan blessant l''ennemi. ', 17),
(291, 'Par Ici ', 'Attire l''attention. Les adv. n''attaquent que le lanceur. ', 2),
(292, 'Para-Spore ', 'Répand une poudre pouvant paralyser l''ennemi. ', 9),
(293, 'Paresse ', 'Se détend et récupère la moitié des PV maximum. ', 2),
(294, 'Passe-Passe ', 'Echange les objets tenus avec l''adversaire ', 10),
(295, 'Patience ', 'Encaisse les attaques sur 2 tours et renvoie le double. ', 2),
(296, 'Permucoeur ', 'Echange les statistiques modifiées avec l''adversaire. ', 6),
(297, 'Permuforce ', 'Echange l''attaque et l''attaque spéciale avec l''adversaire ', 6),
(298, 'Permugarde ', 'Echange la défense et la défense spéciale avec l''adversaire ', 6),
(299, 'Photocopie ', 'Copie la dernière attaque de l''adversaire ', 2),
(300, 'Picanon ', 'Lance des pointes qui frappent 2 à 5 fois. ', 2),
(301, 'Picore ', 'La puissance est doublée si l''adversaire tient une baie ', 4),
(302, 'Picots ', 'Pointes blessant lors d''un changement d''adversaire. ', 1),
(303, 'Picpic ', 'Attaque l''ennemi avec un bec pointu, etc. ', 4),
(304, 'Pics Toxik ', 'Inflige l''altération 3 lorsque l''adversaire change de pokémon ', 3),
(305, 'Pied Bruleur ', 'Haut taux de coups critiques (+ 2). 10 % de chances de brûlure. ', 15),
(306, 'Pied Saute ', 'Un coup de pied sauté. Peut blesser le lanceur si raté. ', 11),
(307, 'Pied 4tige ', 'Coup de pied sauté. S''il est raté, le lanceur se blesse. ', 11),
(308, 'Piege de Roc ', 'Inflige des dégâts lorsque l''adversaire change de pokémon ', 14),
(309, 'Pilonnage ', 'Projette 2 à 5 fois des objets vers l''ennemi. ', 2),
(310, 'Pince-Masse ', 'Cogne avec une pince. Taux de critiques élevé. ', 7),
(311, 'Pique ', 'Cherche les points faibles et frappe au tour suivant. ', 4),
(312, 'Piqure ', '4e les effets de la baie tenue par l''adversaire. ', 8),
(313, 'Pisto-Poing ', 'Attaque toujours en premier ', 5),
(314, 'Pistolet A O ', 'Attaque l''ennemi en projetant de l''7. ', 7),
(315, 'Plaie-Croix ', 'Attaque 2e ', 8),
(316, 'Plaquage ', '30 % de chance de paralyser le Pokémon défenseur. ', 2),
(317, 'Plenitude ', 'Méditation pour augmenter l''ATQ. SPE. et la DEF. SPE. ', 6),
(318, 'Plongee ', 'Plonge en apnée au premier tour et frappe au second. ', 7),
(319, 'Poing Comete ', 'Frappe rapidement l''ennemi de 2 à 5 fois. ', 2),
(320, 'Poing Dard ', 'Attaque avec bras épineux. peut apeurer. ', 9),
(321, 'Poing De 15 ', 'Un poing de 15 pouvant brûler l''ennemi. ', 15),
(322, 'Poing Meteor ', 'Coup de poing météore. Peut augmenter l''ATTAQUE. ', 5),
(323, 'Poing Ombre ', 'Un coup de poing inévitable sortant de l''ombre. ', 13),
(324, 'Poing-Eclair ', '10 % de chance de paralyser le Pokémon défenseur. ', 16),
(325, 'Poing-Karate ', 'Une attaque tranchante à taux de critiques élevé. ', 11),
(326, 'Poin12 ', 'Un poing de 12 pouvant geler l''ennemi. ', 12),
(327, '3-Croix ', 'Haut taux de coups critiques, peut em3ner le Pokémon défenseur. ', 3),
(328, 'Poli14 ', 'Augmente b7coup la vitesse du lanceur ', 14),
(329, 'Possessif ', 'Empêche les ennemis d''utiliser les coups du lanceur. ', 6),
(330, 'Poudre Dodo ', 'Répand une poudre pouvant endormir l''ennemi. ', 9),
(331, 'Poudre Toxik ', 'Répand une poudre toxique pouvant em3ner. ', 3),
(332, 'Poudreuse ', 'Envoie une rafale de neige. Peut geler l''ennemi. ', 12),
(333, 'Poursuite ', 'Inflige de sérieux dégâts lorsque l''ennemi change. ', 10),
(334, 'Pouv.Antique ', 'Une attaque pouvant augmenter toutes les stats. ', 14),
(335, 'Prescience ', 'Accumule de l''énergie pour frapper 2 tours plus tard. ', 6),
(336, 'Presse ', 'La puissance dépend des PV restants de l''adversaire ', 2),
(337, 'Prlvt Destin ', 'Si le lanceur est mis K.O., l''ennemi le sera également. ', 13),
(338, 'Protection ', 'Crée un mur lumineux. Affaiblit att. physiques. ', 6),
(339, 'Provoc ', 'Provoque l''ennemi. L''oblige à utiliser ses attaques. ', 10),
(340, '6cho Boost ', 'Attaque à pleine puissance, mais baisse ATQ. SPE. ', 6),
(341, '6ko ', 'Une puissante attaque 6 pouvant baisser la DEF. SPE. ', 6),
(342, '6koud''Boul ', '20 % de chance d''apeurer le Pokémon défenseur. ', 6),
(343, 'Puis. Cachee ', 'L''efficacité de l''attaque dépend du lanceur. ', 2),
(344, 'Puissance ', 'Augmente le taux de Coups Critiques de deux niv7x. ', 2),
(345, 'Punition ', 'La puissance dépend des statistiques de l''adversaire ', 10),
(346, 'Puredpois ', 'Un gaz nocif pouvant em3ner l''ennemi. ', 3),
(347, 'Queue De Fer ', 'Attaque avec sa queue. Peut baisser la DEFENSE. ', 5),
(348, 'Queue-3 ', 'Haut taux de critiques. Peut aussi em3ner. ', 3),
(349, 'Racines ', '9 des racines, regagne PV, ne peut plus changer. ', 9),
(350, 'Rafale 15 ', 'Puissant, mais immobilise le lanceur le tour suivant. ', 15),
(351, 'Rafale 6 ', 'Etrange rayon pouvant rendre l''ennemi confus. ', 6),
(352, 'Rancune ', 'Si mis K.O., supprime les PP du coup ennemi. ', 13),
(353, 'Rapace ', 'Le lanceur subit des dégâts ', 4),
(354, 'Rayon Charge ', 'Augmente souvent l''attaque spéciale du lanceur. ', 16),
(355, 'Rayon Gemme ', 'Attaque 2e ', 14),
(356, 'Rayon Lune ', 'Restaure les PV. Varie suivant le temps. ', 2),
(357, 'Rayon Signal ', 'Un étrange rayon qui peut rendre l''ennemi confus. ', 8),
(358, 'Rebond ', 'Saute et tombe le tour suivant. Peut paralyser. ', 4),
(359, 'Recyclage ', 'Recycle un objet pour l''utiliser une fois de plus. ', 2),
(360, 'Reflet ', 'Crée des images-miroirs pour augmenter l''esquive. ', 2),
(361, 'Reflet Magik ', 'Renvoie les effets spéciaux vers le lanceur. ', 6),
(362, 'Regard Noir ', 'Lance un regard méchant pour empêcher la fuite. ', 2),
(363, 'Regeneration ', 'Soigne un em3nement, une paralysie, une brûlure. ', 2),
(364, 'Relache ', 'Libère la puissance précédemment accumulée. ', 2),
(365, 'Relais ', 'Changement de Pokémon, transfère les altérations de statut. ', 2),
(366, 'Repli ', 'Se recroqueville dans sa carapace. Monte la DEFENSE. ', 7),
(367, 'Repos ', 'Le lanceur dort 2 tours et regagne PV et statut. ', 6),
(368, 'Represailles ', 'La puissance double si la cible a déjà attaqué / switché pendant le tour. ', 10),
(369, 'Requiem ', 'Un POKéMON qui entend ce requiem est K.O. en 3 tours. ', 2),
(370, 'Retour ', 'Attaque dont la puissance dépend de l''amitié. ', 2),
(371, 'Reveil Force ', 'La puissance est doublée si l''adversaire est endormi, soigne le sommeil ', 11),
(372, 'Revenant ', 'Disparaît au premier tour puis attaque au second, l''adversaire ne peut pas se protéger ', 13),
(373, 'Riposte ', 'Renvoie toute attaque physique, 2 fois plus fort. ', 11),
(374, 'Roc-Boulet ', 'Le lanceur ne peut pas attaquer au tour suivant ', 14),
(375, 'Ronflement ', 'Attaque sonore qui ne peut être lancée qu''endormi. ', 2),
(376, 'Roue De 15 ', 'Une charge enflammée qui peut brûler l''ennemi. ', 15),
(377, 'Roulade ', 'Une attaque sur 5 tours, de plus en plus puissante. ', 14),
(378, 'Rugissement ', 'Rugit gentiment et baisse l''ATTAQUE de l''ennemi. ', 2),
(379, 'Rune Protect ', 'Force mystique empêchant tout changement de statut. ', 2),
(380, 'Ruse ', 'Ne marche que si l''adversaire lance Abri ou Détection ', 2),
(381, 'Sabotage ', 'Frappe l''objet tenu pour le rendre inutilisable. ', 10),
(382, 'Sacrifice ', 'Une charge violente qui blesse aussi le lanceur. ', 11),
(383, 'Saisie ', '4e les effets de la prochaine attaque ennemie. ', 10),
(384, 'Saumure ', 'La puissance double si les PV de l''adversaire sont inférieurs à la moitié ', 7),
(385, 'Secretion ', 'Ligote l''ennemi afin de réduire sa VITESSE. ', 8),
(386, 'Seduction ', 'Diminue b7coup l''attaque spéciale de l''adversaire s''il est de sexe opposé ', 2),
(387, 'Seisme ', 'Tremblement de terre sans effet sur les adv. 4ants. ', 1),
(388, 'Siffl''Herbe ', 'Endort l''ennemi en sifflant une douce mélodie. ', 9),
(389, 'Siphon ', 'Piège l''ennemi dans un tourbillon pendant 2 à 5 tours. ', 7),
(390, 'Soin ', 'Regagne jusqu''à la moitié des PV max du lanceur. ', 2),
(391, 'Sonicboom ', 'Envoie des ondes de choc infligeant 20 PV de dégâts. ', 2),
(392, 'Soucigraine ', 'Change la capacité spéciale de la cible pour Insomnia. ', 9),
(393, 'Souplesse ', 'Fouette l''ennemi avec sa queue, une liane, etc. ', 2),
(394, 'Souvenir ', 'Le lanceur est mis K.O. et baisse les cap. ennemies. ', 10),
(395, 'Spatio-Rift ', 'Haut taux de coups critiques ', 17),
(396, 'Spore ', 'Répand un nuage de spores qui endort toujours. ', 9),
(397, 'Spore Coton ', 'Envoie des spores pour baisser la VITESSE. ', 9),
(398, 'Stalagtite ', 'Mitraille l''ennemi avec 2 à 5 glaçons à la suite. ', 12),
(399, 'Stimulant ', 'Utilise contre les ennemis paralysés, mais les soigne. ', 2),
(400, 'Stockage ', 'Accumule de la puissance pendant 3 tours maximum. ', 2),
(401, 'Stratopercut ', 'Un uppercut porté en direction du ciel. ', 11),
(402, 'Strido-Son ', 'Diminue la défense spéciale adverse de deux niv7x. ', 5),
(403, 'Suc Digestif ', 'Supprime l''effet de la capacité spéciale de l''adversaire ', 3),
(404, 'Surchauffe ', 'Attaque à pleine puissance, mais baisse fortement ATQ. SPE. ', 15),
(405, 'Surf ', 'Crée une énorme vague qui s''écrase sur l''ennemi. ', 7),
(406, 'Surpuissance ', 'Baisse l''ATTAQUE et la DEFENSE du lanceur d''un niv7. ', 11),
(407, 'Synthese ', 'Restaure les PV. Varie suivant le temps. ', 9),
(408, 'Taillade ', 'Une attaque qui s''intensifie après chaque coup. ', 8),
(409, 'Telekinesie ', 'Distrait l''ennemi. Peut baisser la précision. ', 6),
(410, 'Teleport ', 'Attaque 6 permettant de prendre aussitôt la fuite. ', 6),
(411, 'Telluriforce ', 'Peut diminuer la défense spéciale de l''adversaire. ', 1),
(412, 'Tempetesable ', 'Une tempête de sable qui souffle plusieurs tours. ', 14),
(413, 'Tempeteverte ', 'Diminue b7coup l''attaque spéciale du lanceur ', 9),
(414, 'Tenacite ', 'Encaisse les attaques du tour et conserve 1 PV. ', 2),
(415, '10', 'Inflige des dégâts selon le niv7 du lanceur. ', 13),
(416, 'Tete de Fer ', 'Peut apeurer l''adversaire. ', 5),
(417, 'Tir De Boue ', 'Envoie de la boue à l''ennemi pour réduire sa VITESSE. ', 1),
(418, 'Toile ', 'Capture l''ennemi et empêche toute fuite ou changement. ', 8),
(419, 'Tombe14 ', 'Immobilise l''ennemi ave des 14rs. Baisse la VITESSE. ', 14),
(420, 'Tonnerre ', 'Forte attaque électrique pouvant paralyser l''ennemi. ', 16),
(421, 'Torgnoles ', 'Gifle rapidement l''ennemi de 2 à 5 fois. ', 2),
(422, 'Tornade ', 'Envoie une rafale de vent en battant des ailes. ', 4),
(423, 'Tour Rapide ', 'Frappe l''ennemi en tournant sur soi-même. ', 2),
(424, 'Tourbi-Sable ', 'Piège l''ennemi dans un cyclone de 2 à 5 tours. ', 1),
(425, 'Tourmagik ', 'Oblige la cible à échanger les objets tenus. ', 6),
(426, 'Tourmente ', 'Perturbe l''ennemi. Empêche la réutilisation d''un att. ', 10),
(427, 'Tourniquet ', 'Mouille le lanceur et augmente sa résistance au 15. ', 7),
(428, 'Toxik ', 'Em3ne l''ennemi avec une puissante toxine. ', 3),
(429, 'Tranch''Air ', 'Haut taux de coups critiques (+ 2). ', 4),
(430, 'Tranch''Herbe ', 'Tranche avec des 15illes. Taux de critiques élevé. ', 9),
(431, 'Tranche ', 'Coups de griffe, etc. Taux de critiques élevé. ', 2),
(432, 'Tranche-Nuit ', 'Haut taux de coups critiques ', 10),
(433, 'Trempette ', 'Eclabousse l''ennemi. N''a aucun effet. ', 2),
(434, 'Triplattaque ', 'Envoie trois types de rayons en même temps. ', 2),
(435, 'Triple Pied ', 'Trois coups de pied de plus en plus puissants. ', 11),
(436, 'Trou Noir ', 'Endort tous les pokémon du terrain ', 10),
(437, 'Tunnel ', 'Creuse sous terre au 1er tour et frappe au 2e. ', 1),
(438, 'Ultimapoing ', 'Un coup de poing d''une puissance incroyable. ', 2),
(439, 'Ultimawashi ', 'Un coup de pied super puissant et intense. ', 2),
(440, 'Ultralaser ', 'Puissant, mais immobilise le lanceur pour un tour. ', 2),
(441, 'Ultrason ', 'Etranges ondes sonores pouvant rendre confus. ', 2),
(442, 'Uppercut ', 'Un coup de poing cadencé. Peut rendre confus. ', 2),
(443, 'Vague 6 ', 'Envoie une onde 6 d''intensité variable. ', 6),
(444, 'Vampigraine ', '9 des graines pour 4er des PV à chaque tour. ', 9),
(445, 'Vampipoing ', 'Le lanceur reçoit la moitié des dégâts provoqués ', 11),
(446, 'Vampirisme ', 'Une attaque qui aspire la moitié des dégâts infligés. ', 8),
(447, 'Vantardise ', 'Rend l''ennemi confus et booste l''ATTAQUE. ', 2),
(448, 'Vege-Attak ', 'Puissant, mais immobilise le lanceur le tour suivant. ', 9),
(449, 'Vendetta ', 'Gagne en puissance quand blessé par l''ennemi. ', 11),
(450, 'Vent Argente ', 'Attaque poudreuse qui peut augmenter les capacités. ', 8),
(451, 'Vent Arriere ', 'Les pokémon de l''équipe du lanceur augmente leur vitesse pendant 5 tours ', 4),
(452, 'Vent 12 ', 'Attaque glaciale. Baisse la VITESSE de l''ennemi. ', 12),
(453, 'Vent Mauvais ', 'Peut augmenter toutes les statistiques du lanceur ', 13),
(454, 'Verrouillage ', 'Le coup suivant sera réussi à coup sûr. ', 2),
(455, 'Vibraqua ', 'Envoi d''ondes aquatiques. Peut rendre confus. ', 7),
(456, 'Vibrobscur ', 'Peut apeurer le Pokémon défenseur. ', 10),
(457, 'Vit.Extreme ', 'Une attaque extrêmement rapide et puissante. ', 2),
(458, 'Vive-Attaque ', 'Attaque fulgurante qui permet de frapper d''abord. ', 2),
(459, 'Voeu ', 'Un voeu qui restaure les PV. Demande un certain temps. ', 2),
(460, 'Voeu Soin ', 'Le lanceur tombe KO, et restaure les PV et le statut du pokémon remplaçant. ', 6),
(461, 'Voile Miroir ', 'Renvoie l''attaque spéciale ennemie 2 fois plus fort. ', 6),
(462, '4', 'S''en4e au premier tour et frappe au second tour. ', 4),
(463, '4 Magnetik ', 'Change la capacité spéciale en Lévitation ', 16),
(464, '4-Vie ', 'Une attaque absorbant la moitié des dégâts infligés. ', 9),
(465, 'Vortex Magma ', 'Piège l''adversaire ', 15),
(466, 'Yoga ', 'Méditation pacifique pour augmenter l''ATTAQUE ', 6),
(467, 'Zenith ', 'Améliore les attaques 15 pendant 5 tours. ', 15);

-- --------------------------------------------------------

--
-- Structure de la table `pokemon`
--

CREATE TABLE IF NOT EXISTS `pokemon` (
  `id` int(11) NOT NULL AUTO_INCREMENT,
  `noms` varchar(50) NOT NULL,
  `typeId` int(11) NOT NULL,
  `origineId` int(11) NOT NULL,
  `evolutionId` int(11) NOT NULL,
  PRIMARY KEY (`id`),
  KEY `Pokemon_type` (`typeId`),
  KEY `Pokemon_origine` (`origineId`),
  KEY `Pokemon_evolution` (`evolutionId`)
) ENGINE=InnoDB  DEFAULT CHARSET=utf8;

--
-- Contenu de la table `pokemon`
--

INSERT INTO `pokemon` (`id`, `noms`, `typeId`, `origineId`, `evolutionId`) VALUES
(1, 'Bulbizarre (FR) Bulbasaur (US) Fushigidane (JAP)', 0, 0, 0),
(2, 'Herbizarre (FR) Ivysaur (US) Fushigisou (JAP)', 0, 0, 0),
(3, 'Florizarre (FR) Venusaur (US) Fushigibana (JAP)', 0, 0, 0),
(4, 'Salameche (FR) Charmander (US) Hitokage (JAP)', 0, 0, 0),
(5, 'Reptincel (FR) Charmeleon (US) Rizard (JAP)', 0, 0, 0),
(6, 'Dracaufeu (FR) Charizard (US) Rizardon (JAP)', 0, 0, 0),
(7, 'Carapuce (FR) Squirtle (US) Zenigame (JAP)', 0, 0, 0),
(8, 'Carabaffe (FR) Wartortle (US) Kamer (JAP)', 0, 0, 0),
(9, 'Tortank (FR) Blastoise (US) Kamex (JAP)', 0, 0, 0),
(10, 'Chenipan (FR) Caterpie (US) Catapie (JAP)', 0, 0, 0),
(11, 'Chrysacier (FR) Metapod (US) Trancel (JAP)', 0, 0, 0),
(12, 'Papilusion (FR) Butterfree (US) Batterfree (JAP)', 0, 0, 0),
(13, 'Aspicot (FR) Weedle (US) Beedle (JAP)', 0, 0, 0),
(14, 'Coconfort (FR) Kakuna (US) Kokoon (JAP)', 0, 0, 0),
(15, 'Dardargnan (FR) Beedrill (US) Spear (JAP)', 0, 0, 0),
(16, 'Roucool (FR) Pidgey (US) Poppo (JAP)', 0, 0, 0),
(17, 'Roucoups (FR) Pidgeotto (US) Pidgeon (JAP)', 0, 0, 0),
(18, 'Roucarnage (FR) Pidgeot (US) Pidgeott (JAP)', 0, 0, 0),
(19, 'Rattata (FR) Rattata (US) Koratta (JAP)', 0, 0, 0),
(20, 'Rattatac (FR) Raticate (US) Ratta (JAP)', 0, 0, 0),
(21, 'Piafabec (FR) Spearow (US) Onisuzume (JAP)', 0, 0, 0),
(22, 'Rapasdepic (FR) Fearow (US) Onidrill (JAP)', 0, 0, 0),
(23, 'Abo (FR) Ekans (US) Arbo (JAP)', 0, 0, 0),
(24, 'Arbok (FR) Arbok (US) Arbok (JAP)', 0, 0, 0),
(25, 'Pikachu (FR) Pikachu (US) Pikachuu (JAP)', 0, 0, 0),
(26, 'Raichu (FR) Raichu (US) Raichu (JAP)', 0, 0, 0),
(27, 'Sabelette (FR) Sandshrew (US) Sand (JAP)', 0, 0, 0),
(28, 'Sablaireau (FR) Sandslash (US) Sandpan (JAP)', 0, 0, 0),
(29, 'Nidoran F (FR) Nidoran F (US) Nidoran F (JAP)', 0, 0, 0),
(30, 'Nidorina (FR) Nidorina (US) Nidorina (JAP)', 0, 0, 0),
(31, 'Nidoqueen (FR) Nidoqueen (US) Nidoqueen (JAP)', 0, 0, 0),
(32, 'Nidoran M (FR) Nidoran M (US) Nidoran M (JAP)', 0, 0, 0),
(33, 'Nidorino (FR) Nidorino (US) Nidorino (JAP)', 0, 0, 0),
(34, 'Nidoking (FR) Nidoking (US) Nidoking (JAP)', 0, 0, 0),
(35, 'Melofee (FR) Clefairy (US) Pippi (JAP)', 0, 0, 0),
(36, 'Melodelfe (FR) Clefable (US) Pixy (JAP)', 0, 0, 0),
(37, 'Goupix (FR) Vulpix (US) Rokon (JAP ', 0, 0, 0),
(38, 'Feunard (FR) Ninetales (US) Kyukon (JAP)', 0, 0, 0),
(39, 'Rondoudou (FR) Jigglypuff (US) Purin (JAP)', 0, 0, 0),
(40, 'Grodoudou (FR) Wigglytuff (US) Pukurin (JAP)', 0, 0, 0),
(41, 'Nosferapti (FR) Zubat (US) Zubat (JAP)', 0, 0, 0),
(42, 'Nosferalto (FR) Golbat (US) Golbat (JAP)', 0, 0, 0),
(43, 'Mystherbe (FR) Oddish (US) Nazonokusa (JAP)', 0, 0, 0),
(44, 'Ortide (FR) Gloom (US) Kusaihana (JAP)', 0, 0, 0),
(45, 'Rafflesia (FR) Vileplume (US) Rafureissa (JAP)', 0, 0, 0),
(46, 'Paras (FR) Paras (US) Paras (JAP)', 0, 0, 0),
(47, 'Parasect (FR) Parasect (US) Parasect (JAP)', 0, 0, 0),
(48, 'Mimitoss (FR) Venonat (US) Kongpang (JAP)', 0, 0, 0),
(49, 'Aeromite (FR) Venomoth (US) Morphon (JAP)', 0, 0, 0),
(50, 'Taupiqueur (FR) Diglett (US) Digda (JAP)', 0, 0, 0),
(51, 'Triopikeur (FR) Dugtrio (US) Dugtrio (JAP)', 0, 0, 0),
(52, 'Miaouss (FR) Meowth (US) Nyasu (JAP)', 0, 0, 0),
(53, 'Persian (FR) Persian (US) Persian (JAP)', 0, 0, 0),
(54, 'Psykokwak (FR) Psyduck (US) Koduck (JAP)', 0, 0, 0),
(55, 'Akwakwak (FR) Golduck (US) Golduck (JAP)', 0, 0, 0),
(56, 'Ferosinge (FR) Mankey (US) Mankey (JAP)', 0, 0, 0),
(57, 'Colossinge (FR) Primeape (US) Okorizaru (JAP)', 0, 0, 0),
(58, 'Caninos (FR) Growlithe (US) Gardie (JAP)', 0, 0, 0),
(59, 'Arcanin (FR) Arcanine (US) Windie (JAP)', 0, 0, 0),
(60, 'Ptitard (FR) Poliwag (US) Nyoromo (JAP)', 0, 0, 0),
(61, 'Tetarte (FR) Poliwhirl (US) Nyorozo (JAP)', 0, 0, 0),
(62, 'Tartard (FR) Poliwrath (US) Nyorobon (JAP)', 0, 0, 0),
(63, 'Abra (FR) Abra (US) Casey (JAP)', 0, 0, 0),
(64, 'Kadabra (FR) Kadabra (US) Yunghelor (JAP)', 0, 0, 0),
(65, 'Alakazam (FR) Alakazam (US) Fudin (JAP)', 0, 0, 0),
(66, 'Machoc (FR) Machop (US) Wanrikie (JAP)', 0, 0, 0),
(67, 'Machopeur (FR) Machoke (US) Gorikie (JAP)', 0, 0, 0),
(68, 'Mackogneur (FR) Machamp (US) Kairikie (JAP)', 0, 0, 0),
(69, 'Chetiflor (FR) Bellsprout (US) Madatsubomi (JAP)', 0, 0, 0),
(70, 'Boustiflor (FR) Weepinbell (US) Utsodon (JAP)', 0, 0, 0),
(71, 'Empiflor (FR) Victreebel (US) Utsoboto (JAP)', 0, 0, 0),
(72, 'Tentacool (FR) Tentacool (US) Menokurage (JAP)', 0, 0, 0),
(73, 'Tentacruel (FR) Tentacruel (US) Dokukurage (JAP)', 0, 0, 0),
(74, 'Racaillou (FR) Geodude (US) Ishitsubute (JAP)', 0, 0, 0),
(75, 'Gravalanch (FR) Graveler (US) Goroun (JAP)', 0, 0, 0),
(76, 'Grolem (FR) Golem (US) Gorounya (JAP)', 0, 0, 0),
(77, 'Ponyta (FR) Ponyta (US) Ponyta (JAP)', 0, 0, 0),
(78, 'Galopa (FR) Rapidash (US) Gyaroppu (JAP)', 0, 0, 0),
(79, 'Ramoloss (FR) Slowpoke (US) Yadon (JAP)', 0, 0, 0),
(80, 'Flagadoss (FR) Slowbro (US) Yadoran (JAP)', 0, 0, 0),
(81, 'Magneti (FR) Magnemite (US) Coil (JAP)', 0, 0, 0),
(82, 'Magneton (FR) Magneton (US) Rarecoil (JAP)', 0, 0, 0),
(83, 'Canarticho (FR) Farfetch''d (US) Kamonegi (JAP)', 0, 0, 0),
(84, 'Doduo (FR) Doduo (US) Dodo (JAP)', 0, 0, 0),
(85, 'Dodrio (FR) Dodrio (US) Dodorio (JAP)', 0, 0, 0),
(86, 'Otaria (FR) Seel (US) Pauwau (JAP)', 0, 0, 0),
(87, 'Lamantine (FR) Dewgong (US) Jugong (JAP)', 0, 0, 0),
(88, 'Tadmorv (FR) Grimer (US) Betbeter (JAP)', 0, 0, 0),
(89, 'Grotadmorv (FR) Muk (US) Betbeton (JAP)', 0, 0, 0),
(90, 'Kokiyas (FR) Shellder (US) Shellder (JAP)', 0, 0, 0),
(91, 'Crustabri (FR) Cloyster (US) Parshen (JAP)', 0, 0, 0),
(92, 'Fantominus (FR) Gastly (US) Ghos (JAP)', 0, 0, 0),
(93, 'Spectrum (FR) Haunter (US) Ghost (JAP)', 0, 0, 0),
(94, 'Ectoplasma (FR) Gengar (US) Gangar (JAP)', 0, 0, 0),
(95, 'Onix (FR) Onix (US) Iwark (JAP)', 0, 0, 0),
(96, 'Soporifik (FR) Drowzee (US) Sleepe (JAP)', 0, 0, 0),
(97, 'Hypnomade (FR) Hypno (US) Sleeper (JAP)', 0, 0, 0),
(98, 'Krabby (FR) Krabby (US) Crab (JAP)', 0, 0, 0),
(99, 'Krabboss (FR) Kingler (US) Kingler (JAP)', 0, 0, 0),
(100, 'Voltorbe (FR) Voltorb (US) Biriridama (JAP)', 0, 0, 0),
(101, 'Electrode (FR) Electrode (US) Marumain (JAP)', 0, 0, 0),
(102, 'Noeunoeuf (FR) Exeggcute (US) Tamatama (JAP)', 0, 0, 0),
(103, 'Noadkoko (FR) Exeggutor (US) Nassy (JAP)', 0, 0, 0),
(104, 'Osselait (FR) Cubone (US) Karakara (JAP)', 0, 0, 0),
(105, 'Ossatueur (FR) Marowak (US) GaraGara (JAP)', 0, 0, 0),
(106, 'Kicklee (FR) Hitmonlee (US) Sawamular (JAP)', 0, 0, 0),
(107, 'Tygnon (FR) Hitmonchan (US) Ebiwalar (JAP)', 0, 0, 0),
(108, 'Excelangue (FR) Lickitung (US) Beroringa (JAP)', 0, 0, 0),
(109, 'Smogo (FR) Koffing (US) Dogars (JAP)', 0, 0, 0),
(110, 'Smogogo (FR) Weezing (US) Matadogas (JAP)', 0, 0, 0),
(111, 'Rhinocorne (FR) Rhyhorn (US) Sihorn (JAP)', 0, 0, 0),
(112, 'Rhinoferos (FR) Rhydon (US) Sidon (JAP)', 0, 0, 0),
(113, 'Leveinard (FR) Chansey (US) Lucky (JAP)', 0, 0, 0),
(114, 'Saquedeneu (FR) Tangela (US) Monjara (JAP)', 0, 0, 0),
(115, 'Kangourex (FR) Kangaskhan (US) Garura (JAP)', 0, 0, 0),
(116, 'Hypotrempe (FR) Horsea (US) Tattsu (JAP)', 0, 0, 0),
(117, 'Hypocean (FR) Seadra (US) Seadra (JAP)', 0, 0, 0),
(118, 'Poissirene (FR) Goldeen (US) Tosakinto (JAP)', 0, 0, 0),
(119, 'Poissoroy (FR) Seaking (US) Azumao (JAP)', 0, 0, 0),
(120, 'Stari (FR) Staryu (US) Hitodeman (JAP)', 0, 0, 0),
(121, 'Staross (FR) Starmie (US) Starmie (JAP)', 0, 0, 0),
(122, 'M.Mime (FR) Mr.Mime (US) Barrierd (JAP)', 0, 0, 0),
(123, 'Insecateur (FR) Scyther (US) Strike (JAP)', 0, 0, 0),
(124, 'Lippoutou (FR) Jynx (US) Rougela (JAP)', 0, 0, 0),
(125, 'Elektek (FR) Electabuzz (US) Eleboo (JAP)', 0, 0, 0),
(126, 'Magmar (FR) Magmar (US) Boober (JAP)', 0, 0, 0),
(127, 'Scarabrute (FR) Pinsir (US) Kailios (JAP)', 0, 0, 0),
(128, 'Tauros (FR) Tauros (US) Kentauros (JAP)', 0, 0, 0),
(129, 'Magicarpe (FR) Magikarp (US) Koiking (JAP)', 0, 0, 0),
(130, 'Leviator (FR) Gyarados (US) Gyarados (JAP)', 0, 0, 0),
(131, 'Lokhlass (FR) Lapras (US) Laplace (JAP)', 0, 0, 0),
(132, 'Metamorph (FR) Ditto (US) Metamon (JAP)', 0, 0, 0),
(133, 'Evoli (FR) Eevee (US) Eievui (JAP)', 0, 0, 0),
(134, 'Aquali (FR) Vaporeon (US) Showers (JAP)', 0, 0, 0),
(135, 'Voltali (FR) Jolteon (US) Thunders (JAP)', 0, 0, 0),
(136, 'Pyroli (FR) Flareon (US) Booster (JAP)', 0, 0, 0),
(137, 'Porygon (FR) Porygon (US) Porygon (JAP)', 0, 0, 0),
(138, 'Amonita (FR) Omanyte (US) Omnite (JAP)', 0, 0, 0),
(139, 'Amonistar (FR) Omastar (US) Omstar (JAP)', 0, 0, 0),
(140, 'Kabuto (FR) Kabuto (US) Kabuto (JAP)', 0, 0, 0),
(141, 'Kabutops (FR) Kabutops (US) Kabutops (JAP)', 0, 0, 0),
(142, 'Ptera (FR) Aerodactyl (US) Ptera (JAP)', 0, 0, 0),
(143, 'Ronflex (FR) Snorlax (US) Kabigon (JAP)', 0, 0, 0),
(144, 'Artikodin (FR) Articuno (US) Freezer (JAP)', 0, 0, 0),
(145, 'Electhor (FR) Zapdos (US) Thunder (JAP)', 0, 0, 0),
(146, 'Sulfura (FR) Moltres (US) Fire (JAP)', 0, 0, 0),
(147, 'Minidraco (FR) Dratini (US) Miniryu (JAP)', 0, 0, 0),
(148, 'Draco (FR) Dragonair (US) Hakuryu (JAP)', 0, 0, 0),
(149, 'Dracolosse (FR) Dragonite (US) Kairyu (JAP)', 0, 0, 0),
(150, 'Mewtwo (FR) Mewtwo (US) Myuutsu (JAP)', 0, 0, 0),
(151, 'Mew (FR) Mew (US) Myuu (JAP)', 0, 0, 0),
(152, 'Germignon (FR) Chikorita (US) Chikorita (JAP)', 0, 0, 0),
(153, 'Macronium (FR) Bayleef (US) Bayleef (JAP)', 0, 0, 0),
(154, 'Meganium (FR) Meganium (US) Meganium (JAP)', 0, 0, 0),
(155, 'Hericendre (FR) Cyndaquil (US) Hinoarashi (JAP)', 0, 0, 0),
(156, 'Feurisson (FR) Quilava (US) Magumarashi (JAP)', 0, 0, 0),
(157, 'Typhlosion (FR) Typhlosion (US) Bakufun (JAP)', 0, 0, 0),
(158, 'Kaiminus (FR) Totodile (US) Waninoko (JAP)', 0, 0, 0),
(159, 'Crocrodil (FR) Croconaw (US) Alligates (JAP)', 0, 0, 0),
(160, 'Aligatueur (FR) Feraligatr (US) Ordairu (JAP)', 0, 0, 0),
(161, 'Fouinette (FR) Sentret (US) Otachi (JAP)', 0, 0, 0),
(162, 'Fouinar (FR) Furret (US) Ootachi (JAP)', 0, 0, 0),
(163, 'Hoothoot (FR) Hoothoot (US) Hoho (JAP)', 0, 0, 0),
(164, 'Noarfang (FR) Noctowl (US) Yorunozuku (JAP)', 0, 0, 0),
(165, 'Coxy (FR) Ledyba (US) Rediba (JAP)', 0, 0, 0),
(166, 'Coxyclaque (FR) Ledian (US) Redian (JAP)', 0, 0, 0),
(167, 'Mimigal (FR) Spinarak (US) Itomaru (JAP)', 0, 0, 0),
(168, 'Migalos (FR) Ariados (US) Ariados (JAP)', 0, 0, 0),
(169, 'Nostenfer (FR) Crobat (US) Kurobatto (JAP)', 0, 0, 0),
(170, 'Loupio (FR) Chinchou (US) Chonchii (JAP)', 0, 0, 0),
(171, 'Lanturn (FR) Lanturn (US) Rantern (JAP)', 0, 0, 0),
(172, 'Pichu (FR) Pichu (US) Pichu (JAP)', 0, 0, 0),
(173, 'Melo (FR) Cleffa (US) Piii (JAP)', 0, 0, 0),
(174, 'Toudoudou (FR) Igglybuff (US) Pupurin (JAP)', 0, 0, 0),
(175, 'Togepi (FR) Togepi (US) Togepii (JAP)', 0, 0, 0),
(176, 'Togetic (FR) Togetic (US) Togechikku (JAP)', 0, 0, 0),
(177, 'Natu (FR) Natu (US) Neitei (JAP)', 0, 0, 0),
(178, 'Xatu (FR) Xatu (US) Neiteio (JAP)', 0, 0, 0),
(179, 'Wattouat (FR) Mareep (US) Maripu (JAP)', 0, 0, 0),
(180, 'Lainergie (FR) Flaaffy (US) Mokoko (JAP)', 0, 0, 0),
(181, 'Pharamp (FR) Ampharos (US) Denryu (JAP)', 0, 0, 0),
(182, 'Joliflor (FR) Bellossom (US) Kireihana (JAP)', 0, 0, 0),
(183, 'Marill (FR) Marill (US) Mariru (JAP)', 0, 0, 0),
(184, 'Azumarill (FR) Azumarill (US) Mariruri (JAP)', 0, 0, 0),
(185, 'Simularbre (FR) Sudowoodo (US) Usokki (JAP)', 0, 0, 0),
(186, 'Tarpaud (FR) Politoed (US) Nyorotono (JAP)', 0, 0, 0),
(187, 'Granivol (FR) Hoppip (US) Hanekko (JAP)', 0, 0, 0),
(188, 'Floravol (FR) Skiploom (US) Popokko (JAP)', 0, 0, 0),
(189, 'Cotovol (FR) Jumpluff (US) Watakko (JAP)', 0, 0, 0),
(190, 'Capumain (FR) Aipom (US) Eipam (JAP)', 0, 0, 0),
(191, 'Tournegrin (FR) Sunkern (US) Himanattsu (JAP)', 0, 0, 0),
(192, 'Heliatronc (FR) Sunflora (US) Kimawari (JAP)', 0, 0, 0),
(193, 'Yanma (FR) Yanma (US) Yanyanma (JAP)', 0, 0, 0),
(194, 'Axoloto (FR) Wooper (US) Upaa (JAP)', 0, 0, 0),
(195, 'Maraiste (FR) Quagsire (US) Nuoo (JAP)', 0, 0, 0),
(196, 'Mentali (FR) Espeon (US) Eifi (JAP)', 0, 0, 0),
(197, 'Noctali (FR) Umbreon (US) Burakki (JAP)', 0, 0, 0),
(198, 'Cornebre (FR) Murkrow (US) Yamikarasu (JAP)', 0, 0, 0),
(199, 'Roigada (FR) Slowking (US) Yadoking (JAP)', 0, 0, 0),
(200, 'Feuforeve (FR) Misdreavus (US) Muuma (JAP)', 0, 0, 0),
(201, 'Zarbi (FR) Unown (US) Annon (JAP)', 0, 0, 0),
(202, 'Qulbutoke (FR) Wobbuffet (US) Sonansu (JAP)', 0, 0, 0),
(203, 'Girafarig (FR) Girafarig (US) Kiriniki (JAP)', 0, 0, 0),
(204, 'Pomdepik (FR) Pineco (US) Kunugidama (JAP)', 0, 0, 0),
(205, 'Foretress (FR) Forretress (US) Foretosu (JAP)', 0, 0, 0),
(206, 'Insolourdo (FR) Dunsparce (US) Nokocchi (JAP)', 0, 0, 0),
(207, 'Scorplane (FR) Gligar (US) Guraiga (JAP)', 0, 0, 0),
(208, 'Steelix (FR) Steelix (US) Haganeiru (JAP)', 0, 0, 0),
(209, 'Snubbull (FR) Snubbull (US) Buru (JAP)', 0, 0, 0),
(210, 'Granbull (FR) Granbull (US) Granburu (JAP)', 0, 0, 0),
(211, 'Qwilfish (FR) Qwilfish (US) Harisen (JAP)', 0, 0, 0),
(212, 'Cizayox (FR) Scizor (US) Hassamu (JAP)', 0, 0, 0),
(213, 'Caratroc (FR) Shuckle (US) Tsubotsubo (JAP)', 0, 0, 0),
(214, 'Scarhino (FR) Heracross (US) Herakrosu (JAP)', 0, 0, 0),
(215, 'Farfuret (FR) Sneasel (US) Nyura (JAP)', 0, 0, 0),
(216, 'Teddiursa (FR) Teddiursa (US) Himeguma (JAP)', 0, 0, 0),
(217, 'Ursaring (FR) Ursaring (US) Ringuma (JAP)', 0, 0, 0),
(218, 'Limagma (FR) Slugma (US) Magumagu (JAP)', 0, 0, 0),
(219, 'Volcaropod (FR) Magcargo (US) Magukargo (JAP)', 0, 0, 0),
(220, 'Marcacrin (FR) Swinub (US) Urimu (JAP)', 0, 0, 0),
(221, 'Cochignon (FR) Piloswine (US) Inomu (JAP)', 0, 0, 0),
(222, 'Corayon (FR) Corsola (US) Saniigo (JAP)', 0, 0, 0),
(223, 'Remoraid (FR) Remoraid (US) Teppouo (JAP)', 0, 0, 0),
(224, 'Octillery (FR) Octillery (US) Okutan (JAP)', 0, 0, 0),
(225, 'Cadoizo (FR) Delibird (US) Deribado (JAP)', 0, 0, 0),
(226, 'Demanta (FR) Mantine (US) Mantain (JAP)', 0, 0, 0),
(227, 'Airmure (FR) Skarmory (US) Eamudo (JAP)', 0, 0, 0),
(228, 'Malosse (FR) Houndour (US) Deribiru (JAP)', 0, 0, 0),
(229, 'Demolosse (FR) Houndoom (US) Herugaa (JAP)', 0, 0, 0),
(230, 'Hyporoi (FR) Kingdra (US) Kingdra (JAP)', 0, 0, 0),
(231, 'Phanpy (FR) Phanpy (US) Gomazou (JAP)', 0, 0, 0),
(232, 'Donphan (FR) Donphan (US) Donfan (JAP)', 0, 0, 0),
(233, 'Porygon2 (FR) Porygon2 (US) Porygon2 (JAP)', 0, 0, 0),
(234, 'Cerfrousse (FR) Stantler (US) Odoshishi (JAP)', 0, 0, 0),
(235, 'Queulorior (FR) Smeargle (US) Doburu (JAP)', 0, 0, 0),
(236, 'Debugant (FR) Tyrogue (US) Baruki (JAP)', 0, 0, 0),
(237, 'Kapoera (FR) Hitmontop (US) Kaporea (JAP)', 0, 0, 0),
(238, 'Lippouti (FR) Smoochum (US) Muchuru (JAP)', 0, 0, 0),
(239, 'Elekid (FR) Elekid (US) Elekid (JAP)', 0, 0, 0),
(240, 'Magby (FR) Magby (US) Bubii (JAP)', 0, 0, 0),
(241, 'Ecremeuh (FR) Miltank (US) Miltank (JAP)', 0, 0, 0),
(242, 'Leuphorie (FR) Blissey (US) Hapinasu (JAP)', 0, 0, 0),
(243, 'Raikou (FR) Raikou (US) Raikou (JAP)', 0, 0, 0),
(244, 'Entei (FR) Entei (US) Entei (JAP)', 0, 0, 0),
(245, 'Suicune (FR) Suicune (US) Suikun (JAP)', 0, 0, 0),
(246, 'Embrylex (FR) Larvitar (US) Yogirasu (JAP)', 0, 0, 0),
(247, 'Ymphect (FR) Pupitar (US) Sanagirasu (JAP)', 0, 0, 0),
(248, 'Tyranocif (FR) Tyranitar (US) Bangirasu (JAP)', 0, 0, 0),
(249, 'Lugia (FR) Lugia (US) Lugia (JAP)', 0, 0, 0),
(250, 'Ho-oh (FR) Ho-oh (US) Houou (JAP)', 0, 0, 0),
(251, 'Celebi (FR) Celebi (US) Serebii (JAP)', 0, 0, 0),
(252, 'Arcko (FR) Treecko (US) Kimori (JAP)', 0, 0, 0),
(253, 'Massko (FR) Grovyle (US) Jupitol (JAP)', 0, 0, 0),
(254, 'Jungko (FR) Sceptile (US) Jukain (JAP)', 0, 0, 0),
(255, 'Poussifeu (FR) Torchic (US) Achamo (JAP)', 0, 0, 0),
(256, 'Galifeu (FR) Combusken (US) Wakashamo (JAP)', 0, 0, 0),
(257, 'Brasegali (FR) Blaziken (US) Bashamo (JAP)', 0, 0, 0),
(258, 'Gobou (FR) Mudkip (US) Mizugorou (JAP)', 0, 0, 0),
(259, 'Flobio (FR) Marshtomp (US) Numakorou (JAP)', 0, 0, 0),
(260, 'Laggron (FR) Swampert (US) Rugaji (JAP)', 0, 0, 0),
(261, 'Medhyena (FR) Poochyena (US) Pochiena (JAP)', 0, 0, 0),
(262, 'Grahyena (FR) Mightyena (US) Guraena (JAP)', 0, 0, 0),
(263, 'Zigzaton (FR) Zigzagoon (US) Zigzaguma (JAP)', 0, 0, 0),
(264, 'Lineon (FR) Linoone (US) Massaguma (JAP)', 0, 0, 0),
(265, 'Chenipotte (FR) Wurmple (US) Kemusso (JAP)', 0, 0, 0),
(266, 'Armulys (FR) Silcoon (US) Karasairu (JAP)', 0, 0, 0),
(267, 'Charmillon (FR) Beautifly (US) Agehanto (JAP)', 0, 0, 0),
(268, 'Blindalys (FR) Cascoon (US) Mayurudo (JAP)', 0, 0, 0),
(269, 'Papinox (FR) Dustox (US) Dokukeiru (JAP)', 0, 0, 0),
(270, 'Nenupiot (FR) Lotad (US) Hassuboo (JAP)', 0, 0, 0),
(271, 'Lombre (FR) Lombre (US) Hassubero (JAP)', 0, 0, 0),
(272, 'Ludicolo (FR) Ludicolo (US) Runpapa (JAP)', 0, 0, 0),
(273, 'Grainipiot (FR) Seedot (US) Taneboo (JAP)', 0, 0, 0),
(274, 'Pifeuil (FR) Nuzleaf (US) Konohana (JAP)', 0, 0, 0),
(275, 'Tengalice (FR) Shiftry (US) Daatingu (JAP)', 0, 0, 0),
(276, 'Nirondelle (FR) Taillow (US) Subame (JAP)', 0, 0, 0),
(277, 'Heledelle (FR) Swellow (US) Oosubame (JAP)', 0, 0, 0),
(278, 'Goelise (FR) Wingull (US) Kyamome (JAP)', 0, 0, 0),
(279, 'Bekipan (FR) Pelipper (US) Pelipper (JAP)', 0, 0, 0),
(280, 'Tarsal (FR) Ralts (US) Rarutos (JAP)', 0, 0, 0),
(281, 'Kirlia (FR) Kirlia (US) Kirlia (JAP)', 0, 0, 0),
(282, 'Gardevoir (FR) Gardevoir (US) Sirnight (JAP)', 0, 0, 0),
(283, 'Arakdo (FR) Surskit (US) Ametama (JAP)', 0, 0, 0),
(284, 'Maskadra (FR) Masquerain (US) Amemoth (JAP)', 0, 0, 0),
(285, 'Balignon (FR) Shroomish (US) Kinokoko (JAP)', 0, 0, 0),
(286, 'Chapignon (FR) Breloom (US) Kinogassa (JAP)', 0, 0, 0),
(287, 'Parecool (FR) Slakoth (US) Namakero (JAP)', 0, 0, 0),
(288, 'Vigoroth (FR) Vigoroth (US) Yarukimono (JAP)', 0, 0, 0),
(289, 'Monaflemit (FR) Slaking (US) Kekking (JAP)', 0, 0, 0),
(290, 'Ningale (FR) Nincada (US) Tsuchinin (JAP)', 0, 0, 0),
(291, 'Ninjask (FR) Ninjask (US) Tekkanin (JAP)', 0, 0, 0),
(292, 'Munja (FR) Shedinja (US) Nukenin (JAP)', 0, 0, 0),
(293, 'Chuchmur (FR) Whismur (US) Gonyonyo (JAP)', 0, 0, 0),
(294, 'Ramboum (FR) Loudred (US) Dogoomu (JAP)', 0, 0, 0),
(295, 'Brouhabam (FR) Exploud (US) Bakuong (JAP)', 0, 0, 0),
(296, 'Makuhita (FR) Makuhita (US) Makunoshita (JAP)', 0, 0, 0),
(297, 'Hariyama (FR) Hariyama (US) Hariteyama (JAP)', 0, 0, 0),
(298, 'Azurill (FR) Azurill (US) Luriri (JAP)', 0, 0, 0),
(299, 'Tarinor (FR) Nosepass (US) Nosepass (JAP)', 0, 0, 0),
(300, 'Skitty (FR) Skitty (US) Eneko (JAP)', 0, 0, 0),
(301, 'Delcatty (FR) Delcatty (US) Enekoro (JAP)', 0, 0, 0),
(302, 'Tenefix (FR) Sableye (US) Yamirami (JAP)', 0, 0, 0),
(303, 'Mysdibule (FR) Mawile (US) Kuchiito (JAP)', 0, 0, 0),
(304, 'Galekid (FR) Aron (US) Kokodora (JAP)', 0, 0, 0),
(305, 'Galegon (FR) Lairon (US) Kodora (JAP)', 0, 0, 0),
(306, 'Galeking (FR) Aggron (US) Bossgodora (JAP)', 0, 0, 0),
(307, 'Meditikka (FR) Meditite (US) Asanan (JAP)', 0, 0, 0),
(308, 'Charmina (FR) Medicham (US) Charem (JAP)', 0, 0, 0),
(309, 'Dynavolt (FR) Electrike (US) Rakurai (JAP)', 0, 0, 0),
(310, 'Elecsprint (FR) Manectric (US) Raibolt (JAP)', 0, 0, 0),
(311, 'Posipi (FR) Plusle (US) Purasle (JAP)', 0, 0, 0),
(312, 'Negapi (FR) Minun (US) Minun (JAP)', 0, 0, 0),
(313, 'Muciole (FR) Volbeat (US) Barubito (JAP)', 0, 0, 0),
(314, 'Lumivole (FR) Illumise (US) Illumise (JAP)', 0, 0, 0),
(315, 'Roselia (FR) Roselia (US) Rozelia (JAP)', 0, 0, 0),
(316, 'Gloupti (FR) Gulpin (US) Gokurin (JAP)', 0, 0, 0),
(317, 'Avaltout (FR) Swalot (US) Marunoomu (JAP)', 0, 0, 0),
(318, 'Carvanha (FR) Carvanha (US) Kibanha (JAP)', 0, 0, 0),
(319, 'Sharpedo (FR) Sharpedo (US) Samehada (JAP)', 0, 0, 0),
(320, 'Wailmer (FR) Wailmer (US) Hoeruko (JAP)', 0, 0, 0),
(321, 'Wailord (FR) Wailord (US) Hoeruo (JAP)', 0, 0, 0),
(322, 'Chamallot (FR) Numel (US) Donmel (JAP)', 0, 0, 0),
(323, 'Camerupt (FR) Camerupt (US) Bakuuda (JAP)', 0, 0, 0),
(324, 'Chartor (FR) Torkoal (US) Kotasu (JAP)', 0, 0, 0),
(325, 'Spoink (FR) Spoink (US) Banebu (JAP)', 0, 0, 0),
(326, 'Groret (FR) Grumpig (US) Bupiggu (JAP)', 0, 0, 0),
(327, 'Spinda (FR) Spinda (US) Patchiiru (JAP)', 0, 0, 0),
(328, 'Kraknoix (FR) Trapinch (US) Nakuraa (JAP)', 0, 0, 0),
(329, 'Vibraninf (FR) Vibrava (US) Birubara (JAP)', 0, 0, 0),
(330, 'Libegon (FR) Flygon (US) Furaigon (JAP)', 0, 0, 0),
(331, 'Cacnea (FR) Cacnea (US) Sabonea (JAP)', 0, 0, 0),
(332, 'Cacturne (FR) Cacturne (US) Nokutasu (JAP)', 0, 0, 0),
(333, 'Tylton (FR) Swablu (US) Chiruyto (JAP)', 0, 0, 0),
(334, 'Altaria (FR) Altaria (US) Chiruttasu (JAP)', 0, 0, 0),
(335, 'Mangriff (FR) Zangoose (US) Zanguusu (JAP)', 0, 0, 0),
(336, 'Seviper (FR) Seviper (US) Habunake (JAP)', 0, 0, 0),
(337, 'Seleroc (FR) Lunatone (US) Runatoon (JAP)', 0, 0, 0),
(338, 'Solaroc (FR) Solrock (US) Sorurock (JAP)', 0, 0, 0),
(339, 'Barloche (FR) Barboach (US) Dojotchi (JAP)', 0, 0, 0),
(340, 'Barbicha (FR) Whiscash (US) Namazun (JAP)', 0, 0, 0),
(341, 'Ecrapince (FR) Corphish (US) Heigani (JAP)', 0, 0, 0),
(342, 'Colhomard (FR) Crawdaunt (US) Shizarigar (JAP)', 0, 0, 0),
(343, 'Balbuto (FR) Baltoy (US) Yajiron (JAP)', 0, 0, 0),
(344, 'Kaorine (FR) Claydol (US) Nenedoru (JAP)', 0, 0, 0),
(345, 'Lilia (FR) Lileep (US) Ririira (JAP)', 0, 0, 0),
(346, 'Vacilys (FR) Cradily (US) Yureidoru (JAP)', 0, 0, 0),
(347, 'Anorith (FR) Anorith (US) Anopusu (JAP)', 0, 0, 0),
(348, 'Armaldo (FR) Armaldo (US) Aamarudo (JAP)', 0, 0, 0),
(349, 'Barpau (FR) Feebas (US) Hinbass (JAP)', 0, 0, 0),
(350, 'Milobellus (FR) Milotic (US) Mirokarosu (JAP)', 0, 0, 0),
(351, 'Morpheo (FR) Castform (US) Powarun (JAP)', 0, 0, 0),
(352, 'Kecleon (FR) Kecleon (US) Kakureon (JAP)', 0, 0, 0),
(353, 'Polichombr (FR) Shuppet (US) Kagebozou (JAP)', 0, 0, 0),
(354, 'Branette (FR) Banette (US) Jupetta (JAP)', 0, 0, 0),
(355, 'Skelenox (FR) Duskull (US) Yomawaru (JAP)', 0, 0, 0),
(356, 'Teraclope (FR) Dusclops (US) Samayorou (JAP)', 0, 0, 0),
(357, 'Tropius (FR) Tropius (US) Tropius (JAP)', 0, 0, 0),
(358, 'Eoko (FR) Chimecho (US) Chiriin (JAP)', 0, 0, 0),
(359, 'Absol (FR) Absol (US) Abusoru (JAP)', 0, 0, 0),
(360, 'Okeoke (FR) Wynaut (US) Sonano (JAP)', 0, 0, 0),
(361, 'Stalgamin (FR) Snorunt (US) Yukiwarashi (JAP)', 0, 0, 0),
(362, 'Oniglali (FR) Glalie (US) Onigoori (JAP)', 0, 0, 0),
(363, 'Obalie (FR) Spheal (US) Tamazarashi (JAP)', 0, 0, 0),
(364, 'Phogleur (FR) Sealeo (US) Todogura (JAP)', 0, 0, 0),
(365, 'Kaimorse (FR) Walrein (US) Todozeruga (JAP)', 0, 0, 0),
(366, 'Coquiperl (FR) Clamperl (US) Paaruru (JAP)', 0, 0, 0),
(367, 'Serpang (FR) Huntail (US) Hanteeru (JAP)', 0, 0, 0),
(368, 'Rosabyss (FR) Gorebyss (US) Sakurabisu (JAP)', 0, 0, 0),
(369, 'Relicanth (FR) Relicanth (US) Jiransu (JAP)', 0, 0, 0),
(370, 'Lovdisc (FR) Luvdisc (US) Rabukusu (JAP)', 0, 0, 0),
(371, 'Draby (FR) Bagon (US) Tatsubi (JAP)', 0, 0, 0),
(372, 'Drackhaus (FR) Shelgon (US) Komoru (JAP)', 0, 0, 0),
(373, 'Drattak (FR) Salamence (US) Boomanda (JAP)', 0, 0, 0),
(374, 'Terhal (FR) Beldum (US) Danbaru (JAP)', 0, 0, 0),
(375, 'Metang (FR) Metang (US) Metang (JAP)', 0, 0, 0),
(376, 'Metalosse (FR) Metagross (US) Metagoros (JAP)', 0, 0, 0),
(377, 'Regirock (FR) Regirock (US) Rejirock (JAP)', 0, 0, 0),
(378, 'Regice (FR) Regice (US) Rejice (JAP)', 0, 0, 0),
(379, 'Registeel (FR) Registeel (US) Rejisteel (JAP)', 0, 0, 0),
(380, 'Latias (FR) Latias (US) Ratiasu (JAP)', 0, 0, 0),
(381, 'Latios (FR) Latios (US) Ratiosu (JAP)', 0, 0, 0),
(382, 'Kyogre (FR) Kyogre (US) Kaiorga (JAP)', 0, 0, 0),
(383, 'Groudon (FR) Groudon (US) Groudon (JAP)', 0, 0, 0),
(384, 'Rayquaza (FR) Rayquaza (US) Rekkuza (JAP)', 0, 0, 0),
(385, 'Jirachi (FR) Jirachi (US) Jirachi (JAP)', 0, 0, 0),
(386, 'Deoxys (FR) Deoxys (US) Deokishisu (JAP)', 0, 0, 0),
(387, 'Tortipouss (FR) Turtwig (US) Naetoru (JAP)', 0, 0, 0),
(388, 'Boskara (FR) Grotle (US) Hayashigame (JAP)', 0, 0, 0),
(389, 'Torterra (FR) Torterra (US) Dotaitos (JAP)', 0, 0, 0),
(390, 'Ouisticram (FR) Chimchar (US) Hikozaru (JAP)', 0, 0, 0),
(391, 'Chimpenfeu (FR) Monferno (US) Moukazaru (JAP)', 0, 0, 0),
(392, 'Simiabraz (FR) Infernape (US) Goukazaru (JAP)', 0, 0, 0),
(393, 'Tiplouf (FR) Piplup (US) Pochama (JAP)', 0, 0, 0),
(394, 'Prinplouf (FR) Prinplup (US) Pottaishi (JAP)', 0, 0, 0),
(395, 'Pingoleon (FR) Empoleon (US) Enperuto (JAP)', 0, 0, 0),
(396, 'Etourmi (FR) Starly (US) Mukkuru (JAP)', 0, 0, 0),
(397, 'Etourvol (FR) Staravia (US) Mukkubird (JAP)', 0, 0, 0),
(398, 'Etouraptor (FR) Staraptor (US) Mukuhawk (JAP)', 0, 0, 0),
(399, 'Keunotor (FR) Bidoof (US) Bippa (JAP)', 0, 0, 0),
(400, 'Castorno (FR) Bibarel (US) Biidaru (JAP)', 0, 0, 0),
(401, 'Crikzik (FR) Kricketot (US) Korobooshi (JAP)', 0, 0, 0),
(402, 'Melokrik (FR) Kricketune (US) Korotokku (JAP)', 0, 0, 0),
(403, 'Lixy (FR) Shinx (US) Korinku (JAP)', 0, 0, 0),
(404, 'Luxio (FR) Luxio (US) Rukushio (JAP)', 0, 0, 0),
(405, 'Luxray (FR) Luxray (US) Rentoraa (JAP)', 0, 0, 0),
(406, 'Rozbouton (FR) Budew (US) Subomi (JAP)', 0, 0, 0),
(407, 'Roserade (FR) Roserade (US) Rozureido (JAP)', 0, 0, 0),
(408, 'Kranidos (FR) Cranidos (US) Zugaidosu (JAP)', 0, 0, 0),
(409, 'Charkos (FR) Rampardos (US) Ramuparudo (JAP)', 0, 0, 0),
(410, 'Dinoclier (FR) Shieldon (US) Tatetopusu (JAP)', 0, 0, 0),
(411, 'Bastiodon (FR) Bastiodon (US) Toridepusu (JAP)', 0, 0, 0),
(412, 'Cheniti (FR) Burmy (US) Minomucchi (JAP)', 0, 0, 0),
(413, 'Cheniselle (FR) Wormadam (US) Minomadamu (JAP)', 0, 0, 0),
(414, 'Papilord (FR) Mothim (US) Garmeil (JAP)', 0, 0, 0),
(415, 'Apitrini (FR) Combee (US) Mitsuhoney (JAP)', 0, 0, 0),
(416, 'Apireine (FR) Vespiquen (US) Beequeen (JAP)', 0, 0, 0),
(417, 'Pachirisu (FR) Pachirisu (US) Pachirisu (JAP)', 0, 0, 0),
(418, 'Mustebouee (FR) Buizel (US) Buoysel (JAP)', 0, 0, 0),
(419, 'Musteflott (FR) Floatzel (US) Floatsel (JAP)', 0, 0, 0),
(420, 'Ceribou (FR) Cherubi (US) Cherinbo (JAP)', 0, 0, 0),
(421, 'Ceriflor (FR) Cherrim (US) Cherimu (JAP)', 0, 0, 0),
(422, 'Sancoki (FR) Shellos (US) Karanakushi (JAP)', 0, 0, 0),
(423, 'Tritosor (FR) Gastrodon (US) Toritoidon (JAP)', 0, 0, 0),
(424, 'Capidextre (FR) Ambipom (US) Etebossu (JAP)', 0, 0, 0),
(425, 'Baudrive (FR) Drifloon (US) Fuwante (JAP)', 0, 0, 0),
(426, 'Grodrive (FR) Drifblim (US) Fuwaraido (JAP)', 0, 0, 0),
(427, 'Laporeille (FR) Buneary (US) Mimiroru (JAP)', 0, 0, 0),
(428, 'Lockpin (FR) Lopunny (US) Mimiroppu (JAP)', 0, 0, 0),
(429, 'Magireve (FR) Mismagius (US) Muumajii (JAP)', 0, 0, 0),
(430, 'Corboss (FR) Honchkrow (US) Donkarasu (JAP)', 0, 0, 0),
(431, 'Chaglam (FR) Glameow (US) Nyaruma (JAP)', 0, 0, 0),
(432, 'Chaffreux (FR) Purugly (US) Bunyatto (JAP)', 0, 0, 0),
(433, 'Korillon (FR) Chingling (US) Riishan (JAP)', 0, 0, 0),
(434, 'Moufouette (FR) Stunky (US) Sukapuu (JAP)', 0, 0, 0),
(435, 'Moufflair (FR) Skuntank (US) Sukatanku (JAP)', 0, 0, 0),
(436, 'Archeomire (FR) Bronzor (US) Doomiraa (JAP)', 0, 0, 0),
(437, 'Archeodong (FR) Bronzong (US) Dootakun (JAP)', 0, 0, 0),
(438, 'Manzai (FR) Bonsly (US) Usohachii (JAP)', 0, 0, 0),
(439, 'Mime Jr. (FR) Mime Jr. (US) Manene (JAP)', 0, 0, 0),
(440, 'Ptiravi (FR) Happiny (US) Pinpuku (JAP)', 0, 0, 0),
(441, 'Pijako (FR) Chatot (US) Perap (JAP)', 0, 0, 0),
(442, 'Spiritomb (FR) Spiritomb (US) Mikaruge (JAP)', 0, 0, 0),
(443, 'Griknot (FR) Gible (US) Fukamaru (JAP)', 0, 0, 0),
(444, 'Carmache (FR) Gabite (US) Gabaito (JAP)', 0, 0, 0),
(445, 'Carchacrok (FR) Garchomp (US) Gaburaisu (JAP)', 0, 0, 0),
(446, 'Goinfrex (FR) Munchlax (US) Gonbe (JAP)', 0, 0, 0),
(447, 'Riolu (FR) Riolu (US) Rioru (JAP)', 0, 0, 0),
(448, 'Lucario (FR) Lucario (US) Rukario (JAP)', 0, 0, 0),
(449, 'Hippopotas (FR) Hippopotas (US) Hippopotasu (JAP)', 0, 0, 0),
(450, 'Hippodocus (FR) Hippowdon (US) Kabarudon (JAP)', 0, 0, 0),
(451, 'Rapion (FR) Skorupi (US) Scorpi (JAP)', 0, 0, 0),
(452, 'Drascore (FR) Drapion (US) Dorapion (JAP)', 0, 0, 0),
(453, 'Cradopaud (FR) Croagunk (US) Gregguru (JAP)', 0, 0, 0),
(454, 'Coatox (FR) Toxicroak (US) Dokurogu (JAP)', 0, 0, 0),
(455, 'Vortente (FR) Carnivine (US) Masukippa (JAP)', 0, 0, 0),
(456, 'Ecayon (FR) Finneon (US) Keikouo (JAP)', 0, 0, 0),
(457, 'Lumineon (FR) Lumineon (US) Neorantu (JAP)', 0, 0, 0),
(458, 'Babimanta (FR) Mantyke (US) Tamanta (JAP)', 0, 0, 0),
(459, 'Blizzi (FR) Snover (US) Yukikaburi (JAP)', 0, 0, 0),
(460, 'Blizzaroi (FR) Abomasnow (US) Yukinooh (JAP)', 0, 0, 0),
(461, 'Dimoret (FR) Weavile (US) Manyula (JAP)', 0, 0, 0),
(462, 'Magnezone (FR) Magnezone (US) Jibacoil (JAP)', 0, 0, 0),
(463, 'Coudlangue (FR) Lickilicky (US) Beruberuto (JAP)', 0, 0, 0),
(464, 'Rhinastoc (FR) Rhyperior (US) Dosaidon (JAP)', 0, 0, 0),
(465, 'Bouldeneu (FR) Tangrowth (US) Mojanbo (JAP)', 0, 0, 0),
(466, 'Elekable (FR) Electivire (US) Elekible (JAP)', 0, 0, 0),
(467, 'Maganon (FR) Magmortar (US) Buuburn (JAP)', 0, 0, 0),
(468, 'Togekiss (FR) Togekiss (US) Togekiss (JAP)', 0, 0, 0),
(469, 'Yanmega (FR) Yanmega (US) Megayanma (JAP)', 0, 0, 0),
(470, 'Phyllali (FR) Leafeon (US) Leafia (JAP)', 0, 0, 0),
(471, 'Givrali (FR) Glaceon (US) Glacia (JAP)', 0, 0, 0),
(472, 'Scorvol (FR) Gliscor (US) Glion (JAP)', 0, 0, 0),
(473, 'Mammochon (FR) Mamoswine (US) Manmuu (JAP)', 0, 0, 0),
(474, 'Porygon-Z (FR) Porygon-Z (US) PorygonZ (JAP)', 0, 0, 0),
(475, 'Gallame (FR) Gallade (US) Erureido (JAP)', 0, 0, 0),
(476, 'Tarinorme (FR) Probopass (US) Dainoosu (JAP)', 0, 0, 0),
(477, 'Noctunoir (FR) Dusknoir (US) Yonowaaru (JAP)', 0, 0, 0),
(478, 'Momartik (FR) Froslass (US) Yukimenoko (JAP)', 0, 0, 0),
(479, 'Motisma (FR) Rotom (US) Rotomu (JAP)', 0, 0, 0),
(480, 'Crehelf (FR) Uxie (US) Yukishii (JAP)', 0, 0, 0),
(481, 'Crefollet (FR) Mesprit (US) Emuritto (JAP)', 0, 0, 0),
(482, 'Crefadet (FR) Azelf (US) Agunomuu (JAP)', 0, 0, 0),
(483, 'Dialga (FR) Dialga (US) Diaruga (JAP)', 0, 0, 0),
(484, 'Palkia (FR) Palkia (US) Parukia (JAP)', 0, 0, 0),
(485, 'Heatran (FR) Heatran (US) Hiidoran (JAP)', 0, 0, 0),
(486, 'Regigigas (FR) Regigigas (US) Regigigas (JAP)', 0, 0, 0),
(487, 'Giratina (FR) Giratina (US) Giratina (JAP)', 0, 0, 0),
(488, 'Cresselia (FR) Cresselia (US) Kureseria (JAP)', 0, 0, 0),
(489, 'Phione (FR) Phione (US) Fione (JAP)', 0, 0, 0),
(490, 'Manaphy (FR) Manaphy (US) Manaphy (JAP)', 0, 0, 0),
(491, 'Darkrai (FR) Darkrai (US) Darkrai (JAP)', 0, 0, 0),
(492, 'Shaymin (FR) Shaymin (US) Sheimi (JAP)', 0, 0, 0),
(493, 'Arceus (FR) Arceus (US) Aruseus (JAP)', 0, 0, 0);

-- --------------------------------------------------------


